[{"geo_id":"1","geo_name":"\u0e20\u0e32\u0e04\u0e40\u0e2b\u0e19\u0e37\u0e2d"}, {"geo_id":"2","geo_name":"\u0e20\u0e32\u0e04\u0e01\u0e25\u0e32\u0e07"}, {"geo_id":"3","geo_name":"\u0e20\u0e32\u0e04\u0e15\u0e30\u0e27\u0e31\u0e19\u0e2d\u0e2d\u0e01\u0e40\u0e09\u0e35\u0e22\u0e07\u0e40\u0e2b\u0e19\u0e37\u0e2d"}, {"geo_id":"4","geo_name":"\u0e20\u0e32\u0e04\u0e15\u0e30\u0e27\u0e31\u0e19\u0e15\u0e01"}, {"geo_id":"5","geo_name":"\u0e20\u0e32\u0e04\u0e15\u0e30\u0e27\u0e31\u0e19\u0e2d\u0e2d\u0e01"}, {"geo_id":"6","geo_name":"\u0e20\u0e32\u0e04\u0e43\u0e15\u0e49"}]
